-- MySQL dump 10.13  Distrib 8.0.15, for Win64 (x86_64)
--
-- Host: localhost    Database: carbejdo
-- ------------------------------------------------------
-- Server version	8.0.15

/*!40101 SET @OLD_CHARACTER_SET_CLIENT=@@CHARACTER_SET_CLIENT */;
/*!40101 SET @OLD_CHARACTER_SET_RESULTS=@@CHARACTER_SET_RESULTS */;
/*!40101 SET @OLD_COLLATION_CONNECTION=@@COLLATION_CONNECTION */;
 SET NAMES utf8mb4 ;
/*!40103 SET @OLD_TIME_ZONE=@@TIME_ZONE */;
/*!40103 SET TIME_ZONE='+00:00' */;
/*!40014 SET @OLD_UNIQUE_CHECKS=@@UNIQUE_CHECKS, UNIQUE_CHECKS=0 */;
/*!40014 SET @OLD_FOREIGN_KEY_CHECKS=@@FOREIGN_KEY_CHECKS, FOREIGN_KEY_CHECKS=0 */;
/*!40101 SET @OLD_SQL_MODE=@@SQL_MODE, SQL_MODE='NO_AUTO_VALUE_ON_ZERO' */;
/*!40111 SET @OLD_SQL_NOTES=@@SQL_NOTES, SQL_NOTES=0 */;

--
-- Table structure for table `car`
--

DROP TABLE IF EXISTS `car`;
/*!40101 SET @saved_cs_client     = @@character_set_client */;
 SET character_set_client = utf8mb4 ;
CREATE TABLE `car` (
  `carId` int(10) NOT NULL,
  `Model` varchar(10) NOT NULL,
  `color` varchar(10) NOT NULL,
  `year` int(11) NOT NULL,
  `rate` int(11) NOT NULL,
  `Manufacturer` varchar(20) NOT NULL,
  `Type` varchar(10) NOT NULL,
  `sale` enum('y','n') DEFAULT NULL,
  `custId` int(10) DEFAULT NULL,
  PRIMARY KEY (`carId`),
  KEY `custId` (`custId`),
  CONSTRAINT `car_ibfk_1` FOREIGN KEY (`custId`) REFERENCES `customer` (`custId`)
) ENGINE=InnoDB DEFAULT CHARSET=utf8mb4 COLLATE=utf8mb4_0900_ai_ci;
/*!40101 SET character_set_client = @saved_cs_client */;

--
-- Dumping data for table `car`
--

LOCK TABLES `car` WRITE;
/*!40000 ALTER TABLE `car` DISABLE KEYS */;
INSERT INTO `car` VALUES (101,'Honda City','white',2012,1500000,'Honda','sedan','y',1001),(102,'civic','black',2014,1000000,'honda','sedan','y',1002),(103,'Alto','blue',2005,100000,'Maruti','Hatchback','n',1003),(104,'Swift','red',2008,100000,'Maruti','Hatchback','n',1004),(105,'R8','black',2016,20000000,'AUDI','sport','n',1005),(106,'i20','white',2018,800000,'hyundai','hatchback','y',1006);
/*!40000 ALTER TABLE `car` ENABLE KEYS */;
UNLOCK TABLES;
/*!50003 SET @saved_cs_client      = @@character_set_client */ ;
/*!50003 SET @saved_cs_results     = @@character_set_results */ ;
/*!50003 SET @saved_col_connection = @@collation_connection */ ;
/*!50003 SET character_set_client  = cp850 */ ;
/*!50003 SET character_set_results = cp850 */ ;
/*!50003 SET collation_connection  = cp850_general_ci */ ;
/*!50003 SET @saved_sql_mode       = @@sql_mode */ ;
/*!50003 SET sql_mode              = 'STRICT_TRANS_TABLES,NO_ENGINE_SUBSTITUTION' */ ;
DELIMITER ;;
/*!50003 CREATE*/ /*!50017 DEFINER=`root`@`localhost`*/ /*!50003 TRIGGER `checkNum` BEFORE INSERT ON `car` FOR EACH ROW Begin

if new.year < 2010 THEN SET  NEW.year = 2014;
elseif new.year > 2014 then set new.year = 2018;
end if;

End */;;
DELIMITER ;
/*!50003 SET sql_mode              = @saved_sql_mode */ ;
/*!50003 SET character_set_client  = @saved_cs_client */ ;
/*!50003 SET character_set_results = @saved_cs_results */ ;
/*!50003 SET collation_connection  = @saved_col_connection */ ;

--
-- Table structure for table `customer`
--

DROP TABLE IF EXISTS `customer`;
/*!40101 SET @saved_cs_client     = @@character_set_client */;
 SET character_set_client = utf8mb4 ;
CREATE TABLE `customer` (
  `custId` int(10) NOT NULL AUTO_INCREMENT,
  `FName` varchar(15) NOT NULL,
  `LName` varchar(15) NOT NULL,
  `ContactNo` int(20) NOT NULL,
  `Address` varchar(40) NOT NULL,
  `Status` enum('buy','sell') NOT NULL,
  `EmailId` varchar(20) NOT NULL,
  PRIMARY KEY (`custId`)
) ENGINE=InnoDB AUTO_INCREMENT=1007 DEFAULT CHARSET=utf8mb4 COLLATE=utf8mb4_0900_ai_ci;
/*!40101 SET character_set_client = @saved_cs_client */;

--
-- Dumping data for table `customer`
--

LOCK TABLES `customer` WRITE;
/*!40000 ALTER TABLE `customer` DISABLE KEYS */;
INSERT INTO `customer` VALUES (1001,'Ashish','Manjhi',999999999,' slns pg bangalore','buy','ashish.97@gmail.com'),(1002,'Jijnas','S',999999998,'bangalore','sell','jijnas@gmail.com'),(1003,'RAVI','Sharma',999999997,'Kerla','sell','ravi@gmail.com'),(1004,'RAJ','Kumar',999999996,'Chennai','buy','raj@gmail.com'),(1005,'JACK','Shaw',999999995,'Delhi','sell','jack@gmail.com'),(1006,'JOHN','Cena',999999994,'Kota','buy','cena@gmail.com');
/*!40000 ALTER TABLE `customer` ENABLE KEYS */;
UNLOCK TABLES;

--
-- Table structure for table `employee`
--

DROP TABLE IF EXISTS `employee`;
/*!40101 SET @saved_cs_client     = @@character_set_client */;
 SET character_set_client = utf8mb4 ;
CREATE TABLE `employee` (
  `empId` int(11) NOT NULL,
  `Fname` varchar(50) DEFAULT NULL,
  `Lname` varchar(50) DEFAULT NULL,
  `Designation` varchar(50) DEFAULT NULL,
  `ContactNo` bigint(20) DEFAULT NULL,
  `Address` varchar(70) DEFAULT NULL,
  `Email` varchar(30) DEFAULT NULL,
  `Salary` int(11) DEFAULT NULL,
  `Age` int(11) DEFAULT NULL,
  `userId` varchar(30) DEFAULT NULL,
  `password` varchar(30) DEFAULT NULL,
  `type` varchar(30) NOT NULL,
  PRIMARY KEY (`empId`),
  UNIQUE KEY `userId` (`userId`),
  UNIQUE KEY `userId_2` (`userId`)
) ENGINE=InnoDB DEFAULT CHARSET=utf8mb4 COLLATE=utf8mb4_0900_ai_ci;
/*!40101 SET character_set_client = @saved_cs_client */;

--
-- Dumping data for table `employee`
--

LOCK TABLES `employee` WRITE;
/*!40000 ALTER TABLE `employee` DISABLE KEYS */;
INSERT INTO `employee` VALUES (1000,'Ashish','Manjhi','Manager',99887766440,'Jhansi(U.P)','ashish@gmail.com',40000,22,'ash123','1234','admin'),(1001,'Jijnas','.S','Sales Head',99887766441,'Kerala(Karnataka)','jijnas@gmail.com',42000,24,'jij123','1234','emp'),(1002,'Anurag','Gupta','Sales Manager',99887766442,'Bhopal(M.P)','Anurag@gmail.com',32000,23,'ang123','1234','emp');
/*!40000 ALTER TABLE `employee` ENABLE KEYS */;
UNLOCK TABLES;

--
-- Table structure for table `invoice`
--

DROP TABLE IF EXISTS `invoice`;
/*!40101 SET @saved_cs_client     = @@character_set_client */;
 SET character_set_client = utf8mb4 ;
CREATE TABLE `invoice` (
  `invoiceId` int(10) NOT NULL AUTO_INCREMENT,
  `inviocedate` date DEFAULT NULL,
  `empId` int(10) DEFAULT NULL,
  `carId` int(10) DEFAULT NULL,
  `custId` int(10) DEFAULT NULL,
  `rate` int(20) NOT NULL,
  PRIMARY KEY (`invoiceId`),
  KEY `empId` (`empId`),
  KEY `carId` (`carId`),
  KEY `custId` (`custId`),
  CONSTRAINT `invoice_ibfk_1` FOREIGN KEY (`empId`) REFERENCES `employee` (`empId`),
  CONSTRAINT `invoice_ibfk_2` FOREIGN KEY (`carId`) REFERENCES `car` (`carId`),
  CONSTRAINT `invoice_ibfk_3` FOREIGN KEY (`custId`) REFERENCES `customer` (`custId`)
) ENGINE=InnoDB AUTO_INCREMENT=1121115 DEFAULT CHARSET=utf8mb4 COLLATE=utf8mb4_0900_ai_ci;
/*!40101 SET character_set_client = @saved_cs_client */;

--
-- Dumping data for table `invoice`
--

LOCK TABLES `invoice` WRITE;
/*!40000 ALTER TABLE `invoice` DISABLE KEYS */;
INSERT INTO `invoice` VALUES (1121110,'2018-09-08',1000,101,1001,500000),(1121112,'2019-02-17',1001,102,1002,10000),(1121114,'2019-02-22',1002,105,1005,15000000);
/*!40000 ALTER TABLE `invoice` ENABLE KEYS */;
UNLOCK TABLES;

--
-- Dumping routines for database 'carbejdo'
--
/*!50003 DROP FUNCTION IF EXISTS `f1` */;
/*!50003 SET @saved_cs_client      = @@character_set_client */ ;
/*!50003 SET @saved_cs_results     = @@character_set_results */ ;
/*!50003 SET @saved_col_connection = @@collation_connection */ ;
/*!50003 SET character_set_client  = cp850 */ ;
/*!50003 SET character_set_results = cp850 */ ;
/*!50003 SET collation_connection  = cp850_general_ci */ ;
/*!50003 SET @saved_sql_mode       = @@sql_mode */ ;
/*!50003 SET sql_mode              = 'STRICT_TRANS_TABLES,NO_ENGINE_SUBSTITUTION' */ ;
DELIMITER ;;
CREATE DEFINER=`root`@`localhost` FUNCTION `f1`(C1 varchar(20)) RETURNS int(11)
Begin
Return(Select count(*) from employee where designation=C1);
end ;;
DELIMITER ;
/*!50003 SET sql_mode              = @saved_sql_mode */ ;
/*!50003 SET character_set_client  = @saved_cs_client */ ;
/*!50003 SET character_set_results = @saved_cs_results */ ;
/*!50003 SET collation_connection  = @saved_col_connection */ ;
/*!50003 DROP PROCEDURE IF EXISTS `check_yrr` */;
/*!50003 SET @saved_cs_client      = @@character_set_client */ ;
/*!50003 SET @saved_cs_results     = @@character_set_results */ ;
/*!50003 SET @saved_col_connection = @@collation_connection */ ;
/*!50003 SET character_set_client  = cp850 */ ;
/*!50003 SET character_set_results = cp850 */ ;
/*!50003 SET collation_connection  = cp850_general_ci */ ;
/*!50003 SET @saved_sql_mode       = @@sql_mode */ ;
/*!50003 SET sql_mode              = 'STRICT_TRANS_TABLES,NO_ENGINE_SUBSTITUTION' */ ;
DELIMITER ;;
CREATE DEFINER=`root`@`localhost` PROCEDURE `check_yrr`(IN yrr int(10))
BEGIN
    IF yrr < 2018 THEN
        SIGNAL SQLSTATE '45000'
         SET MESSAGE_TEXT = 'Sorry....year can not be less than 2018';
    END IF;
    IF yrr > 2020 THEN
 SIGNAL SQLSTATE '45001'
 SET MESSAGE_TEXT = 'Sorry....year cannot be future year';
    END IF;
 
END ;;
DELIMITER ;
/*!50003 SET sql_mode              = @saved_sql_mode */ ;
/*!50003 SET character_set_client  = @saved_cs_client */ ;
/*!50003 SET character_set_results = @saved_cs_results */ ;
/*!50003 SET collation_connection  = @saved_col_connection */ ;
/*!50003 DROP PROCEDURE IF EXISTS `chkrpt` */;
/*!50003 SET @saved_cs_client      = @@character_set_client */ ;
/*!50003 SET @saved_cs_results     = @@character_set_results */ ;
/*!50003 SET @saved_col_connection = @@collation_connection */ ;
/*!50003 SET character_set_client  = cp850 */ ;
/*!50003 SET character_set_results = cp850 */ ;
/*!50003 SET collation_connection  = cp850_general_ci */ ;
/*!50003 SET @saved_sql_mode       = @@sql_mode */ ;
/*!50003 SET sql_mode              = 'STRICT_TRANS_TABLES,NO_ENGINE_SUBSTITUTION' */ ;
DELIMITER ;;
CREATE DEFINER=`root`@`localhost` PROCEDURE `chkrpt`()
Begin

declare strng varchar(20);
declare b int(10);

set strng = '' ;
set b = 1;

Repeat 
set strng = concat(strng, b , ',');
set b = b+1;
until b = 6
End repeat;

Select strng;

End ;;
DELIMITER ;
/*!50003 SET sql_mode              = @saved_sql_mode */ ;
/*!50003 SET character_set_client  = @saved_cs_client */ ;
/*!50003 SET character_set_results = @saved_cs_results */ ;
/*!50003 SET collation_connection  = @saved_col_connection */ ;
/*!50003 DROP PROCEDURE IF EXISTS `getAllcars` */;
/*!50003 SET @saved_cs_client      = @@character_set_client */ ;
/*!50003 SET @saved_cs_results     = @@character_set_results */ ;
/*!50003 SET @saved_col_connection = @@collation_connection */ ;
/*!50003 SET character_set_client  = cp850 */ ;
/*!50003 SET character_set_results = cp850 */ ;
/*!50003 SET collation_connection  = cp850_general_ci */ ;
/*!50003 SET @saved_sql_mode       = @@sql_mode */ ;
/*!50003 SET sql_mode              = 'STRICT_TRANS_TABLES,NO_ENGINE_SUBSTITUTION' */ ;
DELIMITER ;;
CREATE DEFINER=`root`@`localhost` PROCEDURE `getAllcars`()
Begin

Select Model from car;

End ;;
DELIMITER ;
/*!50003 SET sql_mode              = @saved_sql_mode */ ;
/*!50003 SET character_set_client  = @saved_cs_client */ ;
/*!50003 SET character_set_results = @saved_cs_results */ ;
/*!50003 SET collation_connection  = @saved_col_connection */ ;
/*!50003 DROP PROCEDURE IF EXISTS `getbuysell` */;
/*!50003 SET @saved_cs_client      = @@character_set_client */ ;
/*!50003 SET @saved_cs_results     = @@character_set_results */ ;
/*!50003 SET @saved_col_connection = @@collation_connection */ ;
/*!50003 SET character_set_client  = cp850 */ ;
/*!50003 SET character_set_results = cp850 */ ;
/*!50003 SET collation_connection  = cp850_general_ci */ ;
/*!50003 SET @saved_sql_mode       = @@sql_mode */ ;
/*!50003 SET sql_mode              = 'STRICT_TRANS_TABLES,NO_ENGINE_SUBSTITUTION' */ ;
DELIMITER ;;
CREATE DEFINER=`root`@`localhost` PROCEDURE `getbuysell`(OUT buycount int(10) , OUT sellCount int(10))
Begin

Select count(*)  from customer where status = 'buy' into buycount;
Select count(status)  from customer where status = 'sell' into sellcount;

end ;;
DELIMITER ;
/*!50003 SET sql_mode              = @saved_sql_mode */ ;
/*!50003 SET character_set_client  = @saved_cs_client */ ;
/*!50003 SET character_set_results = @saved_cs_results */ ;
/*!50003 SET collation_connection  = @saved_col_connection */ ;
/*!50003 DROP PROCEDURE IF EXISTS `getcolour` */;
/*!50003 SET @saved_cs_client      = @@character_set_client */ ;
/*!50003 SET @saved_cs_results     = @@character_set_results */ ;
/*!50003 SET @saved_col_connection = @@collation_connection */ ;
/*!50003 SET character_set_client  = cp850 */ ;
/*!50003 SET character_set_results = cp850 */ ;
/*!50003 SET collation_connection  = cp850_general_ci */ ;
/*!50003 SET @saved_sql_mode       = @@sql_mode */ ;
/*!50003 SET sql_mode              = 'STRICT_TRANS_TABLES,NO_ENGINE_SUBSTITUTION' */ ;
DELIMITER ;;
CREATE DEFINER=`root`@`localhost` PROCEDURE `getcolour`(IN sts varchar(10) , OUT stsCount int(10))
Begin

Select count(Manufacturer) into stscount from car where color = sts;

End ;;
DELIMITER ;
/*!50003 SET sql_mode              = @saved_sql_mode */ ;
/*!50003 SET character_set_client  = @saved_cs_client */ ;
/*!50003 SET character_set_results = @saved_cs_results */ ;
/*!50003 SET collation_connection  = @saved_col_connection */ ;
/*!50003 DROP PROCEDURE IF EXISTS `getcust` */;
/*!50003 SET @saved_cs_client      = @@character_set_client */ ;
/*!50003 SET @saved_cs_results     = @@character_set_results */ ;
/*!50003 SET @saved_col_connection = @@collation_connection */ ;
/*!50003 SET character_set_client  = cp850 */ ;
/*!50003 SET character_set_results = cp850 */ ;
/*!50003 SET collation_connection  = cp850_general_ci */ ;
/*!50003 SET @saved_sql_mode       = @@sql_mode */ ;
/*!50003 SET sql_mode              = 'STRICT_TRANS_TABLES,NO_ENGINE_SUBSTITUTION' */ ;
DELIMITER ;;
CREATE DEFINER=`root`@`localhost` PROCEDURE `getcust`(IN cust varchar(10))
Begin

Select FName,LName from customer where address = cust;

End ;;
DELIMITER ;
/*!50003 SET sql_mode              = @saved_sql_mode */ ;
/*!50003 SET character_set_client  = @saved_cs_client */ ;
/*!50003 SET character_set_results = @saved_cs_results */ ;
/*!50003 SET collation_connection  = @saved_col_connection */ ;
/*!50003 DROP PROCEDURE IF EXISTS `getmodel` */;
/*!50003 SET @saved_cs_client      = @@character_set_client */ ;
/*!50003 SET @saved_cs_results     = @@character_set_results */ ;
/*!50003 SET @saved_col_connection = @@collation_connection */ ;
/*!50003 SET character_set_client  = cp850 */ ;
/*!50003 SET character_set_results = cp850 */ ;
/*!50003 SET collation_connection  = cp850_general_ci */ ;
/*!50003 SET @saved_sql_mode       = @@sql_mode */ ;
/*!50003 SET sql_mode              = 'STRICT_TRANS_TABLES,NO_ENGINE_SUBSTITUTION' */ ;
DELIMITER ;;
CREATE DEFINER=`root`@`localhost` PROCEDURE `getmodel`(INOUT modellist varchar(1000))
BEGIN

 DECLARE cmplt INTEGER default 0; 
 DECLARE modelname varchar(100) default "" ; 
 DEClARE model_car CURSOR FOR  SELECT Model FROM car;
  
 DECLARE CONTINUE HANDLER 
 FOR NOT FOUND SET cmplt = 1;
 OPEN model_car;
 get_model: LOOP
 FETCH model_car INTO modelname;
 IF cmplt = 1 THEN 
 LEAVE get_model;
 END IF;
 
 SET modellist = CONCAT(modelname,"|",modellist);
 END LOOP get_model;
 CLOSE model_car;
 
END ;;
DELIMITER ;
/*!50003 SET sql_mode              = @saved_sql_mode */ ;
/*!50003 SET character_set_client  = @saved_cs_client */ ;
/*!50003 SET character_set_results = @saved_cs_results */ ;
/*!50003 SET collation_connection  = @saved_col_connection */ ;
/*!40103 SET TIME_ZONE=@OLD_TIME_ZONE */;

/*!40101 SET SQL_MODE=@OLD_SQL_MODE */;
/*!40014 SET FOREIGN_KEY_CHECKS=@OLD_FOREIGN_KEY_CHECKS */;
/*!40014 SET UNIQUE_CHECKS=@OLD_UNIQUE_CHECKS */;
/*!40101 SET CHARACTER_SET_CLIENT=@OLD_CHARACTER_SET_CLIENT */;
/*!40101 SET CHARACTER_SET_RESULTS=@OLD_CHARACTER_SET_RESULTS */;
/*!40101 SET COLLATION_CONNECTION=@OLD_COLLATION_CONNECTION */;
/*!40111 SET SQL_NOTES=@OLD_SQL_NOTES */;

-- Dump completed on 2019-07-19 16:38:22
